epoch,accuracy,ce,f1_score,loss,val_accuracy,val_ce,val_f1_score,val_loss
0,0.7818921804428101,0.6012417674064636,0.7824885845184326,0.6012417674064636,0.8479262590408325,0.4912564754486084,0.84965580701828,0.4912564754486084
1,0.9430315494537354,0.18139733374118805,0.9431509971618652,0.18139733374118805,0.888248860836029,0.34271863102912903,0.8880779147148132,0.34271863102912903
2,0.9753814935684204,0.08091817051172256,0.9753969311714172,0.08091817051172256,0.882488489151001,0.307172566652298,0.8822422027587891,0.307172566652298
3,0.987182080745697,0.05279696360230446,0.9872239232063293,0.05279696360230446,0.9020737409591675,0.2808978259563446,0.9012101292610168,0.2808978259563446
4,0.989216685295105,0.04232993349432945,0.9892525672912598,0.04232993349432945,0.8905529975891113,0.29534268379211426,0.890336811542511,0.29534268379211426
5,0.9932858347892761,0.02855280227959156,0.9933001399040222,0.02855280227959156,0.9032257795333862,0.30725884437561035,0.9026580452919006,0.30725884437561035
6,0.9943031668663025,0.023907402530312538,0.9943220019340515,0.023907402530312538,0.9112903475761414,0.30167871713638306,0.9102770686149597,0.30167871713638306
7,0.9930824041366577,0.024693671613931656,0.9931070804595947,0.024693671613931656,0.8951612710952759,0.3392276465892792,0.8940922617912292,0.3392276465892792
8,0.9920651316642761,0.025330761447548866,0.9920784831047058,0.025330761447548866,0.9055299758911133,0.4106505811214447,0.9052103161811829,0.4106505811214447
9,0.9900305271148682,0.02812943235039711,0.9900376200675964,0.02812943235039711,0.8997696042060852,0.4238976240158081,0.8990516662597656,0.4238976240158081
10,0.9884028434753418,0.03315168619155884,0.9884095191955566,0.03315168619155884,0.9043778777122498,0.44647377729415894,0.9028841853141785,0.44647377729415894
11,0.989216685295105,0.031176624819636345,0.9892420768737793,0.031176624819636345,0.8928571343421936,0.4270886778831482,0.8927281498908997,0.4270886778831482
12,0.9904374480247498,0.03293248638510704,0.9904610514640808,0.03293248638510704,0.8963133692741394,0.4660186171531677,0.8962445855140686,0.4660186171531677
13,0.9928789138793945,0.020649129524827003,0.9928949475288391,0.020649129524827003,0.900921642780304,0.4635254442691803,0.9001717567443848,0.4635254442691803
14,0.9959308505058289,0.013324328698217869,0.9959303736686707,0.013324328698217869,0.9055299758911133,0.45233768224716187,0.9048314690589905,0.45233768224716187
