epoch,accuracy,f1_score,loss,val_accuracy,val_f1_score,val_loss
0,0.6771109104156494,0.6753599047660828,0.8582025170326233,0.8006912469863892,0.8035890460014343,0.5869698524475098
1,0.8579857349395752,0.8580570220947266,0.3897687494754791,0.8813363909721375,0.8809816241264343,0.36023491621017456
2,0.9076297283172607,0.9076399207115173,0.2716403305530548,0.8928571343421936,0.8929004669189453,0.29272210597991943
3,0.9273651838302612,0.9273951649665833,0.20479866862297058,0.9055299758911133,0.9051792025566101,0.28180068731307983
4,0.9426246285438538,0.9426640868186951,0.160338893532753,0.8986175060272217,0.898213803768158,0.2779896855354309
5,0.954832136631012,0.9548843502998352,0.1263502985239029,0.9078341126441956,0.9071927666664124,0.2847525477409363
6,0.9599186182022095,0.9599695205688477,0.10918986052274704,0.9124423861503601,0.9112930297851562,0.2973167598247528
7,0.9680569767951965,0.9681107997894287,0.09899136424064636,0.9112903475761414,0.9109613299369812,0.30563047528266907
8,0.9678534865379333,0.9678680300712585,0.08874823153018951,0.9112903475761414,0.910771369934082,0.31580352783203125
9,0.97782301902771,0.9778454303741455,0.07247967272996902,0.9228110313415527,0.9223248362541199,0.3048962354660034
10,0.9739573001861572,0.9740128517150879,0.07130374014377594,0.9112903475761414,0.9106290936470032,0.3290579319000244
11,0.9774160981178284,0.9774696826934814,0.07083209604024887,0.9032257795333862,0.902252197265625,0.32780253887176514
12,0.9804679751396179,0.9804971218109131,0.05750149488449097,0.921658992767334,0.9213089346885681,0.3333118259906769
13,0.9829094409942627,0.982941210269928,0.054351806640625,0.9170507192611694,0.9166749119758606,0.33109182119369507
14,0.9800610542297363,0.9800832271575928,0.05628085136413574,0.9101382493972778,0.9099900126457214,0.34038403630256653
