epoch,accuracy,f1_score,loss,val_accuracy,val_f1_score,val_loss
0,0.6903356909751892,0.6890695691108704,0.8684772253036499,0.8398617506027222,0.8406302332878113,0.563141942024231
1,0.867344856262207,0.8674299120903015,0.37472981214523315,0.8790322542190552,0.8792818188667297,0.3820800483226776
2,0.8988809585571289,0.8990822434425354,0.2859225869178772,0.8905529975891113,0.8901868462562561,0.31339186429977417
3,0.9296032786369324,0.9297574162483215,0.20762431621551514,0.9020737409591675,0.9017627835273743,0.2862185537815094
4,0.9357070326805115,0.9357293248176575,0.17719945311546326,0.8940092325210571,0.8933865427970886,0.29757967591285706
5,0.9485249519348145,0.9486360549926758,0.14206643402576447,0.9043778777122498,0.9039494395256042,0.2843863368034363
6,0.9552390575408936,0.9553257822990417,0.12252456694841385,0.9101382493972778,0.9099194407463074,0.2773112654685974
7,0.9664292931556702,0.9664962291717529,0.10649038851261139,0.8986175060272217,0.8986387252807617,0.3037855923175812
8,0.9721261262893677,0.9721968770027161,0.08791041374206543,0.9124423861503601,0.9125173091888428,0.30939099192619324
9,0.9696846604347229,0.9697195887565613,0.09493276476860046,0.9124423861503601,0.9124252796173096,0.3037385940551758
10,0.9788402915000916,0.9788722991943359,0.06724006682634354,0.9112903475761414,0.9109728932380676,0.34030818939208984
11,0.9798575639724731,0.9798808097839355,0.06364332884550095,0.9135944843292236,0.9133632183074951,0.3252113461494446
12,0.9827060103416443,0.9827502369880676,0.05559948831796646,0.9239631295204163,0.9237510561943054,0.313958078622818
13,0.9855543971061707,0.9855618476867676,0.056950800120830536,0.9170507192611694,0.9166033864021301,0.36154142022132874
14,0.9820955991744995,0.9821203351020813,0.06091507896780968,0.9193548560142517,0.9186026453971863,0.37319910526275635
